cd09634	cas1	CAS-I,CAS-II,CAS-III,CAS-IV,CAS-V,CAS-VI	acquisition_1
cd09636	cas1	CAS-I,CAS-II,CAS-III,CAS-IV,CAS-V,CAS-VI	acquisition_1
cd09718	cas1	CAS-I,CAS-II,CAS-III,CAS-IV,CAS-V,CAS-VI	acquisition_1
cd09719	cas1	CAS-I,CAS-II,CAS-III,CAS-IV,CAS-V,CAS-VI	acquisition_1
cd09720	cas1	CAS-I,CAS-II,CAS-III,CAS-IV,CAS-V,CAS-VI	acquisition_1
cd09721	cas1	CAS-I,CAS-II,CAS-III,CAS-IV,CAS-V,CAS-VI	acquisition_1
cd09722	cas1	CAS-I,CAS-II,CAS-III,CAS-IV,CAS-V,CAS-VI	acquisition_1
COG1518	cas1	CAS-I,CAS-II,CAS-III,CAS-IV,CAS-V,CAS-VI	acquisition_1
icity0124	cas1	CAS-III-B	acquisition_1
pfam01867	cas1	CAS-I,CAS-II,CAS-III,CAS-IV,CAS-V,CAS-VI	acquisition_1
cd09638	cas2	CAS-I,CAS-II,CAS-III,CAS-IV,CAS-V,CAS-VI	acquisition_2
cd09648	cas2	CAS-I,CAS-II,CAS-III,CAS-IV,CAS-V,CAS-VI	acquisition_2
cd09725	cas2	CAS-I,CAS-II,CAS-III,CAS-IV,CAS-V,CAS-VI	acquisition_2
cd09755	cas2	CAS-I,CAS-II,CAS-III,CAS-IV,CAS-V,CAS-VI	acquisition_2
COG1343	cas2	CAS-I,CAS-II,CAS-III,CAS-IV,CAS-V,CAS-VI	acquisition_2
COG3512	cas2	CAS-I,CAS-II,CAS-III,CAS-IV,CAS-V,CAS-VI	acquisition_2
icity0022	cas2	CAS-III-AM	acquisition_2
mkCas0081	cas2	CAS-I,CAS-II,CAS-III,CAS-IV,CAS-V,CAS-VI	acquisition_2
mkCas0128	cas2	CAS-I,CAS-II,CAS-III,CAS-IV,CAS-V,CAS-VI	acquisition_2
mkCas0179	cas2	CAS-I,CAS-II,CAS-III,CAS-IV,CAS-V,CAS-VI	acquisition_2
mkCas0206	cas2	CAS-I,CAS-II,CAS-III,CAS-IV,CAS-V,CAS-VI	acquisition_2
pfam09707	cas2	CAS-I,CAS-II,CAS-III,CAS-IV,CAS-V,CAS-VI	acquisition_2
pfam09827	cas2	CAS-I,CAS-II,CAS-III,CAS-IV,CAS-V,CAS-VI	acquisition_2
cd09637	cas4	CAS-I,CAS-II,CAS-III,CAS-IV,CAS-V,CAS-VI	acquisition_associated
cd09659	cas4	CAS-I,CAS-II,CAS-III,CAS-IV,CAS-V,CAS-VI	acquisition_associated
cls000170	cas4	CAS-I,CAS-II,CAS-III,CAS-IV,CAS-V,CAS-VI	acquisition_associated
COG1468	cas4	CAS-I,CAS-II,CAS-III,CAS-IV,CAS-V,CAS-VI	acquisition_associated
COG4343	cas4	CAS-I,CAS-II,CAS-III,CAS-IV,CAS-V,CAS-VI	acquisition_associated
pfam01930	cas4	CAS-I,CAS-II,CAS-III,CAS-IV,CAS-V,CAS-VI	acquisition_associated
pfam06023	cas4	CAS-I,CAS-II,CAS-III,CAS-IV,CAS-V,CAS-VI	acquisition_associated
icity0116	csn2	CAS-II-C	acquisition_associated
icity0117	csn2	CAS-II-A	acquisition_associated
cd09644	csn2	CAS-II-A	acquisition_associated
cd09758	csn2	CAS-II-A	acquisition_associated
cd12217	csn2	CAS-II-A	acquisition_associated
cd12218	csn2	CAS-II-A	acquisition_associated
cls000024	csn2	CAS-II-A	acquisition_associated
mkCas0211	csn2	CAS-II-A	acquisition_associated
mkCas0212	csn2	CAS-II-A	acquisition_associated
mkCas0213	csn2	CAS-II-A	acquisition_associated
mkCas0214	csn2	CAS-II-A	acquisition_associated
mkCas0215	csn2	CAS-II-A	acquisition_associated
mkCas0216	csn2	CAS-II-A	acquisition_associated
mkCas0217	csn2	CAS-II-A	acquisition_associated
pfam09711	csn2	CAS-II-A	acquisition_associated
icity0039	RT	CAS-I-E	acquisition_associated
icity0040	RT	CAS-III-AM,CAS-III-B	acquisition_associated
pfam00078	RT	CAS-I,CAS-II,CAS-III,CAS-IV,CAS-V,CAS-VI	acquisition_associated
mkCas0200	2OG	CAS-I,CAS-II,CAS-III,CAS-IV,CAS-V,CAS-VI	associated
pfam13640	2OG	CAS-I,CAS-II,CAS-III,CAS-IV,CAS-V,CAS-VI	associated
icity0064	AbiEii	CAS-III-C	associated
icity0065	AbiEii	CAS-III	associated
icity0066	AbiEii	CAS-III-A	associated
icity0067	ATPase_01	CAS-IV-A	associated
icity0111	corA	CAS-III-B,CAS-III-D	associated
icity0112	corA	CAS-III-B	associated
icity0113	corA	CAS-III-D	associated
icity0114	corA	CAS-III-B	associated
icity0115	corA	CAS-III-D	associated
cd09766	csx15	CAS-I,CAS-III	associated
icity0062	csx16	CAS-III-B	associated
cd09695	csx16	CAS-I,CAS-III	associated
cd09743	csx16	CAS-I,CAS-III	associated
pfam09652	csx16	CAS-I,CAS-III	associated
cls000006	csx18	CAS-I,CAS-III	associated
cls000023	csx20	CAS-I,CAS-III	associated
cls000118	csx20	CAS-I,CAS-III	associated
xls002255	csx20	CAS-I,CAS-III	associated
mkCas0076	csx21	CAS-III-A	associated
mkCas0125	csx21	CAS-III-A	associated
mkCas0116	csx21	CAS-III-A,CAS-III-D	associated
mkCas0160	csx23	CAS-III-D	associated
mkCas0220	csx27	CAS-VI-B	associated
mkCas0221	csx28	CAS-VI-B	associated
cd09681	csx3	CAS-I,CAS-III	associated
cd09740	csx3	CAS-I,CAS-III	associated
mkCas0115	csx3	CAS-I,CAS-III	associated
pfam09620	csx3	CAS-I,CAS-III	associated
icity0075	cysH	CAS-IV-A	associated
cd06127	DEDDh	CAS-I,CAS-II,CAS-III,CAS-IV,CAS-V,CAS-VI	associated
icity0077	DHH_CorA	CAS-III-B	associated
cd09708	DinG	CAS-IV-A	associated
COG1199	DinG	CAS-IV-A	associated
icity0079	HEAT_CxxC_PDDEXK	CAS-I-C	associated
icity0083	htpX	CAS-III-B	associated
icity0080	HTH 	CAS-III-A	associated
icity0081	HTH 	CAS-I-D	associated
icity0082	HTH 	CAS-III-B	associated
icity0085	Mem_01	CAS-III-B	associated
icity0086	Mem_02	CAS-III-D	associated
icity0087	Mem_03	CAS-III-D	associated
icity0088	Mem_04	CAS-III-D	associated
icity0029	Mem_DnaJ	CAS-III-AM	associated
icity0084	NYN	CAS-III-B	associated
COG4804	PD_DExK	CAS-I,CAS-II,CAS-III,CAS-IV,CAS-V,CAS-VI	associated
icity0031	PD_DExK	CAS-III-A	associated
icity0032	PD_DExK	CAS-I-B	associated
mkCas0061	PD_DExK	CAS-I,CAS-II,CAS-III,CAS-IV,CAS-V,CAS-VI	associated
mkCas0090	PD_DExK	CAS-I,CAS-II,CAS-III,CAS-IV,CAS-V,CAS-VI	associated
icity0034	PEPT_D	CAS-III-A	associated
icity0035	PIWI	CAS-III-AM	associated
COG4951	PrimPol	CAS-I,CAS-II,CAS-III,CAS-IV,CAS-V,CAS-VI	associated
pfam08800	PrimPol	CAS-I,CAS-II,CAS-III,CAS-IV,CAS-V,CAS-VI	associated
icity0041	ST_Kinase	CAS-I-C	associated
icity0110	STAND_TPR	CAS-I-E	associated
mkCas0219	tm_4	CAS-VI-B	associated
mkCas0218	tm_HEPN	CAS-VI-B	associated
pfam06527	TniQ	CAS-I-F	associated
icity0042	Toprim	CAS-III-C	associated
icity0106	TPR	CAS-III-B	associated
icity0107	TPR	CAS-III-A	associated
icity0108	TPR	CAS-III-B	associated
icity0109	TPR	CAS-III-A	associated
icity0043	Unk_01	CAS-III-D	associated
icity0044	Unk_01	CAS-III-D	associated
icity0045	Unk_02	CAS-III-A,CAS-III-B	associated
icity0046	Unk_02	CAS-III-A	associated
icity0047	Unk_03	CAS-III-B	associated
icity0048	Unk_04	CAS-I-E	associated
icity0027	Unk_05	CAS-I-B	associated
icity0094	Unk_06	CAS-III-D	associated
cd09655	casR	CAS-I,CAS-II,CAS-III,CAS-IV,CAS-V,CAS-VI	associated_signaling
cls001593	casR	CAS-I,CAS-II,CAS-III,CAS-IV,CAS-V,CAS-VI	associated_signaling
icity0089	casR	CAS-III-B	associated_signaling
icity0091	casR	CAS-III-B	associated_signaling
icity0093	casR	CAS-III-D	associated_signaling
icity0095	casR	CAS-III-D	associated_signaling
icity0102	casR	CAS-III-D	associated_signaling
icity0103	casR	CAS-III-D	associated_signaling
icity0104	casR	CAS-III-B	associated_signaling
icity0119	casR	CAS-III-D	associated_signaling
icity0120	casR	CAS-III-A	associated_signaling
icity0105	casR	CAS-III-B,CAS-III-D	associated_signaling
cls000179	csa3	CAS-I,CAS-II,CAS-III,CAS-IV,CAS-V,CAS-VI	associated_signaling
COG0640	csa3	CAS-I,CAS-II,CAS-III,CAS-IV,CAS-V,CAS-VI	associated_signaling
cd09694	csm6	CAS-III	associated_signaling
cd09699	csm6	CAS-III	associated_signaling
cd09742	csm6	CAS-III	associated_signaling
cd09746	csm6	CAS-III	associated_signaling
COG1517	csm6	CAS-III	associated_signaling
COG4006	csm6	CAS-III	associated_signaling
pfam09651	csm6	CAS-III	associated_signaling
pfam09659	csm6	CAS-III	associated_signaling
icity0100	csx1	CAS-III	associated_signaling
cd09660	csx1	CAS-III	associated_signaling
cd09668	csx1	CAS-III	associated_signaling
cd09671	csx1	CAS-III	associated_signaling
cd09686	csx1	CAS-III	associated_signaling
cd09702	csx1	CAS-III	associated_signaling
cd09723	csx1	CAS-III	associated_signaling
cd09728	csx1	CAS-III	associated_signaling
cd09732	csx1	CAS-III	associated_signaling
cd09741	csx1	CAS-III	associated_signaling
cd09747	csx1	CAS-III	associated_signaling
cls000955	csx1	CAS-III	associated_signaling
cls001403	csx1	CAS-III	associated_signaling
mkCas0085	csx1	CAS-III	associated_signaling
mkCas0108	csx1	CAS-III	associated_signaling
mkCas0109	csx1	CAS-III	associated_signaling
mkCas0112	csx1	CAS-III	associated_signaling
pfam09002	csx1	CAS-III	associated_signaling
pfam09455	csx1	CAS-III	associated_signaling
pfam09623	csx1	CAS-III	associated_signaling
pfam09670	csx1	CAS-III	associated_signaling
COG2378	WYL	CAS-I,CAS-II,CAS-III,CAS-IV,CAS-V,CAS-VI	associated_signaling
mkCas0075	WYL	CAS-I,CAS-II,CAS-III,CAS-IV,CAS-V,CAS-VI	associated_signaling
mkCas0110	WYL	CAS-I,CAS-II,CAS-III,CAS-IV,CAS-V,CAS-VI	associated_signaling
pfam13280	WYL	CAS-I,CAS-II,CAS-III,CAS-IV,CAS-V,CAS-VI	associated_signaling
icity0019	cas6	CAS-III-B,CAS-I-B	crRNAmaturation
icity0020	cas6	CAS-I-D	crRNAmaturation
icity0025	cas6	CAS-I-A,CAS-III-D	crRNAmaturation
icity0026	cas6	CAS-III-D	crRNAmaturation
icity0028	cas6	CAS-III-D	crRNAmaturation
C19_cas6	cas6	CAS-I,CAS-III-B	crRNAmaturation
cd09652	cas6	CAS-I,CAS-II,CAS-III,CAS-IV,CAS-V,CAS-VI	crRNAmaturation
cd09703	cas6	CAS-I,CAS-II,CAS-III,CAS-IV,CAS-V,CAS-VI	crRNAmaturation
cd09733	cas6	CAS-I,CAS-II,CAS-III,CAS-IV,CAS-V,CAS-VI	crRNAmaturation
cd09759	cas6	CAS-I,CAS-II,CAS-III,CAS-IV,CAS-V,CAS-VI	crRNAmaturation
cd09760	cas6	CAS-I,CAS-II,CAS-III,CAS-IV,CAS-V,CAS-VI	crRNAmaturation
cls000004	cas6	CAS-I,CAS-II,CAS-III,CAS-IV,CAS-V,CAS-VI	crRNAmaturation
cls000976	cas6	CAS-I,CAS-II,CAS-III,CAS-IV,CAS-V,CAS-VI	crRNAmaturation
COG1583	cas6	CAS-I,CAS-II,CAS-III,CAS-IV,CAS-V,CAS-VI	crRNAmaturation
COG5551	cas6	CAS-I,CAS-II,CAS-III,CAS-IV,CAS-V,CAS-VI	crRNAmaturation
mkCas0062	cas6	CAS-I,CAS-II,CAS-III,CAS-IV,CAS-V,CAS-VI	crRNAmaturation
mkCas0066	cas6	CAS-I,CAS-II,CAS-III,CAS-IV,CAS-V,CAS-VI	crRNAmaturation
mkCas0091	cas6	CAS-I,CAS-II,CAS-III,CAS-IV,CAS-V,CAS-VI	crRNAmaturation
mkCas0166	cas6	CAS-I,CAS-II,CAS-III,CAS-IV,CAS-V,CAS-VI	crRNAmaturation
pfam01881	cas6	CAS-I,CAS-II,CAS-III,CAS-IV,CAS-V,CAS-VI	crRNAmaturation
pfam09559	cas6	CAS-I,CAS-II,CAS-III,CAS-IV,CAS-V,CAS-VI	crRNAmaturation
pfam10040	cas6	CAS-I,CAS-II,CAS-III,CAS-IV,CAS-V,CAS-VI	crRNAmaturation
cd09664	cas6e	CAS-I,CAS-II,CAS-III,CAS-IV,CAS-V,CAS-VI	crRNAmaturation
cd09727	cas6e	CAS-I,CAS-II,CAS-III,CAS-IV,CAS-V,CAS-VI	crRNAmaturation
pfam08798	cas6e	CAS-I,CAS-II,CAS-III,CAS-IV,CAS-V,CAS-VI	crRNAmaturation
cd09674	cas6f	CAS-I,CAS-II,CAS-III,CAS-IV,CAS-V,CAS-VI	crRNAmaturation
cd09739	cas6f	CAS-I,CAS-II,CAS-III,CAS-IV,CAS-V,CAS-VI	crRNAmaturation
pfam09618	cas6f	CAS-I,CAS-II,CAS-III,CAS-IV,CAS-V,CAS-VI	crRNAmaturation
Cas14e	cas12_x1	CAS-V-F	effector__SPE
Cas14f	cas12_x2	CAS-V-F	effector__SPE
Cas12a	cas12a	CAS-V-A	effector__SPE
Cas12a_var	cas12a	CAS-V-A	effector__SPE
Cas12b	cas12b1	CAS-V-B	effector__SPE
Cas12b2	cas12b2	CAS-V-B	effector__SPE
Cas14g	cas12b2	CAS-V-B	effector__SPE
Cas12c	cas12c	CAS-V-C	effector__SPE
Cas12c_arbor_variant	cas12c	CAS-V-C	effector__SPE
Cas12d	cas12d	CAS-V-D	effector__SPE
Cas12e	cas12e	CAS-V-E	effector__SPE
Cas12e_var	cas12e	CAS-V-E	effector__SPE
Cas14a	cas12f1	CAS-V-F	effector__SPE
Cas14b	cas12f1	CAS-V-F	effector__SPE
V_U3	cas12f1	CAS-V-F	effector__SPE
Cas14c	cas12f2	CAS-V-F	effector__SPE
Cas14u	cas12f2	CAS-V-F	effector__SPE
V_U4	cas12f2	CAS-V-F	effector__SPE
V_U2	cas12f3	CAS-V-F	effector__SPE
V_U1	cas12f4	CAS-V-F	effector__SPE
Cas14d	cas12f6	CAS-V-F	effector__SPE
Cas14h	cas12f7	CAS-V-F	effector__SPE
Cas12g	cas12g	CAS-V-G	effector__SPE
Cas12h	cas12h	CAS-V-H	effector__SPE
Cas12i	cas12i	CAS-V-I	effector__SPE
V_U5	cas12j	CAS-V-J	effector__SPE
Fish20601	cas13a	CAS-VI-A	effector__SPE
Fish20602	cas13b	CAS-VI-B	effector__SPE
Fish20602a	cas13b	CAS-VI-B	effector__SPE
Fish20603	cas13c	CAS-VI-C	effector__SPE
Cas13d	cas13d	CAS-VI-D	effector__SPE
C19_cas13gr13	cas13gr13	CAS-VI	effector__SPE
cd09643	cas9	CAS-II-A,CAS-II-B,CAS-II-C	effector__SPE
cd09704	cas9	CAS-II-B	effector__SPE
COG3513	cas9	CAS-II-A,CAS-II-B,CAS-II-C	effector__SPE
icity0002	cas9	CAS-II-C	effector__SPE
mkCas0193	cas9	CAS-II-A,CAS-II-B,CAS-II-C	effector__SPE
C19_Cas3	cas3	CAS-I-D	effector_G3
cd09639	cas3	CAS-I	effector_G3
cd09696	cas3	CAS-I-U	effector_G3
cd09710	cas3	CAS-I-D	effector_G3
COG1203	cas3	CAS-I	effector_G3
mkCas0139	cas3	CAS-I	effector_G3
icity0004	cas3d	CAS-I-D	effector_G3
icity0058	cas3d	CAS-I-D	effector_G3
cd09673	cas3f	CAS-I-F	effector_G3
cd09641	cas3HD	CAS-I	effector_G3
cd10013	cas3HD	CAS-I	effector_G3
COG2254	cas3HD	CAS-I	effector_G3
icity0023	cas3HD	CAS-I-E	effector_G3
C19_cas5_1	cas5	CAS-I-B	effector_G5
C19_cas5_2	cas5	CAS-I-B	effector_G5
cd09645	cas5	CAS-I-E	effector_G5
cd09649	cas5	CAS-I-A	effector_G5
cd09651	cas5	CAS-I-C	effector_G5
cd09658	cas5	CAS-I-B	effector_G5
cd09688	cas5	CAS-I-B	effector_G5
cd09692	cas5	CAS-I-B	effector_G5
cd09693	cas5	CAS-I	effector_G5
cd09716	cas5	CAS-I-B	effector_G5
cd09752	cas5	CAS-I-C	effector_G5
cd09753	cas5	CAS-I-A	effector_G5
cd09756	cas5	CAS-I-E	effector_G5
cls000047	cas5	CAS-I-B	effector_G5
cls000048	cas5	CAS-I-A	effector_G5
cls000078	cas5	CAS-I-F	effector_G5
cls001430	cas5	CAS-I-B	effector_G5
COG1688	cas5	CAS-I	effector_G5
icity0024	cas5	CAS-I-B	effector_G5
mkCas0069	cas5	CAS-I-B	effector_G5
mkCas0169	cas5	CAS-III-A	effector_G5
mkCas0191	cas5	CAS-I-B	effector_G5
pfam09704	cas5	CAS-I	effector_G5
mkCas0161	cas5a	CAS-I-A	effector_G5
C19_Cas5f_1	cas5f	CAS-I-F	effector_G5
cd09676	cas5f	CAS-I-F	effector_G5
cd09736	cas5f	CAS-I-F	effector_G5
pfam09614	cas5f	CAS-I-F	effector_G5
cd09667	cas5u	CAS-I-U	effector_G5
cd09734	cas5u	CAS-I-U	effector_G5
C19_cmr3gr5_1	cmr3gr5	CAS-III-B,CAS-III-C	effector_G5
C19_cmr3gr5_2	cmr3gr5	CAS-III-B,CAS-III-C	effector_G5
C19_cmr3gr5_3	cmr3gr5	CAS-III-B,CAS-III-C	effector_G5
cd09656	cmr3gr5	CAS-III-B,CAS-III-C	effector_G5
cd09748	cmr3gr5	CAS-III-B,CAS-III-C	effector_G5
COG1769	cmr3gr5	CAS-III-B,CAS-III-C	effector_G5
mkCas0067	cmr3gr5	CAS-III-B,CAS-III-C	effector_G5
pfam09700	cmr3gr5	CAS-III-B,CAS-III-C	effector_G5
cls000315	csb2gr5	CAS-I-U	effector_G5
pfam09609	csb2gr5	CAS-I-U	effector_G5
C19_csc1gr5	csc1gr5	CAS-I-D	effector_G5
cd09711	csc1gr5	CAS-I-D	effector_G5
mkCas0092	csc1gr5	CAS-I-D	effector_G5
mkCas0129	csc1gr5	CAS-I-D	effector_G5
mkCas0176	csc1gr5	CAS-I-D	effector_G5
icity0011	csf3gr5	CAS-IV-A	effector_G5
cd09707	csf3gr5	CAS-IV-A	effector_G5
mkCas0093	csf3gr5	CAS-IV-A	effector_G5
C19_gr5	csf3gr5	CAS-IV-C	effector_G5
cd09663	csm4gr5	CAS-III-A	effector_G5
cls000259	csm4gr5	CAS-III-D	effector_G5
COG1567	csm4gr5	CAS-III-A	effector_G5
mkCas0089	csm4gr5	CAS-III-A,CAS-III-D	effector_G5
mkCas0154	csm4gr5	CAS-III-A	effector_G5
icity0014	csx10gr5	CAS-III-D	effector_G5
cd09700	csx10gr5	CAS-III-D	effector_G5
cls000715	csx10gr5	CAS-III-D	effector_G5
cls000748	csx10gr5	CAS-III-D	effector_G5
mkCas0153	csx10gr5	CAS-III-D	effector_G5
cd09640	cas7	CAS-I-C	effector_G7
cd09646	cas7	CAS-I-E	effector_G7
cd09650	cas7	CAS-I	effector_G7
cd09678	cas7	CAS-I-U	effector_G7
cd09685	cas7	CAS-I	effector_G7
cd09687	cas7	CAS-I-B	effector_G7
cd09689	cas7	CAS-I-C	effector_G7
cd09690	cas7	CAS-I-B	effector_G7
cd09738	cas7	CAS-I-U	effector_G7
cls000038	cas7	CAS-I-B	effector_G7
cls000079	cas7	CAS-I-F	effector_G7
COG1857	cas7	CAS-I	effector_G7
COG3649	cas7	CAS-I-C	effector_G7
mkCas0088	cas7	CAS-I-B	effector_G7
pfam01905	cas7	CAS-I	effector_G7
pfam09344	cas7	CAS-I-E	effector_G7
cd09717	cas7b	CAS-I-B	effector_G7
pfam05107	cas7b	CAS-I-B,CAS-I-C	effector_G7
cd09677	cas7f	CAS-I-F	effector_G7
cd09737	cas7f	CAS-I-F	effector_G7
pfam09615	cas7f	CAS-I-F	effector_G7
icity0006	cmr1gr7	CAS-III-B,CAS-III-C	effector_G7
icity0009	cmr1gr7	CAS-III-B,CAS-III-C	effector_G7
cd09657	cmr1gr7	CAS-III-B,CAS-III-C	effector_G7
cls000690	cmr1gr7	CAS-III-B,CAS-III-C	effector_G7
COG1367	cmr1gr7	CAS-III-B,CAS-III-C	effector_G7
mkCas0086	cmr1gr7	CAS-III-B,CAS-III-C	effector_G7
mkCas0102	cmr1gr7	CAS-III-B,CAS-III-C	effector_G7
mkCas0175	cmr1gr7	CAS-III-B,CAS-III-C	effector_G7
cd09682	cmr4gr7	CAS-III-B,CAS-III-C	effector_G7
COG1336	cmr4gr7	CAS-III-B,CAS-III-C	effector_G7
C19_cmr6gr7	cmr6gr7	CAS-III-B,CAS-III-C	effector_G7
cd09661	cmr6gr7	CAS-III-B,CAS-III-C	effector_G7
COG1604	cmr6gr7	CAS-III-B,CAS-III-C	effector_G7
mkCas0142	cmr6gr7	CAS-III-B,CAS-III-C	effector_G7
mkCas0143	cmr8gr7	CAS-III	effector_G7
pfam09617	csb1gr7	CAS-I-U	effector_G7
cd09709	csc2gr7	CAS-I-D	effector_G7
cd09706	csf2gr7	CAS-IV-A	effector_G7
mkCas0162	csf2gr7	CAS-IV-A	effector_G7
mkCas0183	csf2gr7	CAS-IV-A	effector_G7
icity0012	csm3gr7	CAS-III-A,CAS-III-D	effector_G7
cd09683	csm3gr7	CAS-III-A,CAS-III-D	effector_G7
cd09684	csm3gr7	CAS-III-A,CAS-III-D	effector_G7
cd09726	csm3gr7	CAS-III-A,CAS-III-D	effector_G7
cls000184	csm3gr7	CAS-III-A,CAS-III-D	effector_G7
cls000253	csm3gr7	CAS-III-A,CAS-III-D	effector_G7
cls000670	csm3gr7	CAS-III-A,CAS-III-D	effector_G7
cls000708	csm3gr7	CAS-III-A,CAS-III-D	effector_G7
cls001827	csm3gr7	CAS-III-A,CAS-III-D	effector_G7
COG1337	csm3gr7	CAS-III-A,CAS-III-D	effector_G7
mkCas0095	csm3gr7	CAS-III-A,CAS-III-D	effector_G7
mkCas0198	csm3gr7	CAS-III-A,CAS-III-D	effector_G7
pfam03787	csm3gr7	CAS-III-A,CAS-III-D	effector_G7
icity0013	csm5gr7	CAS-III-A,CAS-III-D	effector_G7
cd09662	csm5gr7	CAS-III-A,CAS-III-D	effector_G7
COG1332	csm5gr7	CAS-III-A,CAS-III-D	effector_G7
mkCas0182	csm5gr7	CAS-III-A,CAS-III-D	effector_G7
cd09679	cas10	CAS-III	effector_LS
cd09680	cas10	CAS-III	effector_LS
cd09701	cas10	CAS-III-C	effector_LS
cls000686	cas10	CAS-III	effector_LS
cls000707	cas10	CAS-III	effector_LS
cls000742	cas10	CAS-III	effector_LS
COG1353	cas10	CAS-III	effector_LS
icity0123	cas10	CAS-III-B	effector_LS
mkCas0083	cas10	CAS-III	effector_LS
mkCas0133	cas10	CAS-III	effector_LS
mkCas0168	cas10	CAS-III-A	effector_LS
pfam12469	cas10	CAS-III-B	effector_LS
C19_cas10d_1	cas10d	CAS-I-D	effector_LS
C19_cas10d_2	cas10d	CAS-I-D	effector_LS
cd09712	cas10d	CAS-I-D	effector_LS
cls000132	cas10d	CAS-I-D	effector_LS
cls000621	cas10d	CAS-I-D	effector_LS
cls000672	cas10d	CAS-I-D	effector_LS
mkCas0103	cas10d	CAS-I-D	effector_LS
mkCas0140	cas10d	CAS-I-D	effector_LS
mkCas0201	cas10d	CAS-I-D	effector_LS
cd09698	cas8a1	CAS-I-A	effector_LS
cd09724	cas8a1	CAS-I-A	effector_LS
cd09745	cas8a1	CAS-I-A	effector_LS
cls000150	cas8a1	CAS-I-A	effector_LS
pfam09658	cas8a1	CAS-I-A	effector_LS
C19_Csa8a2	cas8a2	CAS-I-A	effector_LS
cd09666	cas8a2	CAS-I-A	effector_LS
cd09751	cas8a2	CAS-I-A	effector_LS
mkCas0113	cas8a2	CAS-I-A	effector_LS
mkCas0199	cas8a2	CAS-I-A	effector_LS
pfam09703	cas8a2	CAS-I-A	effector_LS
cls000290	cas8a3	CAS-I-A	effector_LS
mkCas0164	cas8a3	CAS-I-A	effector_LS
mkCas0207	cas8a3	CAS-I-A	effector_LS
mkCas0208	cas8a3	CAS-I-A	effector_LS
cls000706	cas8a4	CAS-I-A	effector_LS
cls000809	cas8a5	CAS-I-A	effector_LS
cls000881	cas8a6	CAS-I-A	effector_LS
cls000157	cas8a7	CAS-I-A	effector_LS
mkCas0180	cas8a8	CAS-I-A	effector_LS
C19_cas8a9	cas8a9	CAS-I-A	effector_LS
C19_cas8b1	cas8b1	CAS-I-B	effector_LS
cd09672	cas8b1	CAS-I-B	effector_LS
cd09691	cas8b1	CAS-I-B	effector_LS
cd09730	cas8b1	CAS-I-B	effector_LS
icity0003	cas8b1	CAS-I-B	effector_LS
icity0005	cas8b1	CAS-I-B	effector_LS
icity0008	cas8b1	CAS-I-B	effector_LS
mkCas0074	cas8b1	CAS-I-B	effector_LS
mkCas0106	cas8b1	CAS-I-B	effector_LS
mkCas0119	cas8b1	CAS-I-B	effector_LS
mkCas0174	cas8b1	CAS-I-B	effector_LS
mkCas0195	cas8b1	CAS-I-B	effector_LS
mkCas0209	cas8b1	CAS-I-B	effector_LS
pfam09484	cas8b1	CAS-I-B	effector_LS
mkCas0151	cas8b10	CAS-I-B	effector_LS
icity0056	cas8b11	CAS-I-B	effector_LS
icity0007	cas8b12	CAS-I-B	effector_LS
C19_Cas8b13	cas8b13	CAS-I-B	effector_LS
C19_cas8b2	cas8b2	CAS-I-B	effector_LS
cd09665	cas8b2	CAS-I-B	effector_LS
cd09697	cas8b2	CAS-I-B	effector_LS
cd09744	cas8b2	CAS-I-B	effector_LS
cd09754	cas8b2	CAS-I-B	effector_LS
cls000029	cas8b2	CAS-I-B	effector_LS
cls000100	cas8b2	CAS-I-B	effector_LS
pfam09657	cas8b2	CAS-I-B	effector_LS
pfam09706	cas8b2	CAS-I-B	effector_LS
cd09713	cas8b3	CAS-I-B	effector_LS
cd09714	cas8b3	CAS-I-B	effector_LS
mkCas0177	cas8b3	CAS-I-B	effector_LS
cd09715	cas8b4	CAS-I-B	effector_LS
mkCas0131	cas8b5	CAS-I-B	effector_LS
mkCas0111	cas8b6	CAS-I-B	effector_LS
mkCas0158	cas8b7	CAS-I-B	effector_LS
cls000685	cas8b8	CAS-I-B	effector_LS
mkCas0203	cas8b9	CAS-I-B	effector_LS
cd09642	cas8c	CAS-I-C	effector_LS
cd09757	cas8c	CAS-I-C	effector_LS
mkCas0173	cas8c	CAS-I-C	effector_LS
pfam09709	cas8c	CAS-I-C	effector_LS
cd09669	cas8e	CAS-I-E	effector_LS
cd09729	cas8e	CAS-I-E	effector_LS
cls000028	cas8e	CAS-I-E	effector_LS
cls000721	cas8e	CAS-I-E	effector_LS
pfam09481	cas8e	CAS-I-E	effector_LS
C19_cas8f	cas8f	CAS-I-F	effector_LS
C19_Cas8f_1	cas8f	CAS-I-F	effector_LS
cd09675	cas8f	CAS-I-F	effector_LS
cd09735	cas8f	CAS-I-F	effector_LS
cls000148	cas8f	CAS-I-F	effector_LS
cls000849	cas8f	CAS-I-F	effector_LS
icity0057	cas8f	CAS-I-F	effector_LS
pfam09611	cas8f	CAS-I-F	effector_LS
cd09767	cas8u1	CAS-I-U	effector_LS
mkCas0114	cas8u1	CAS-I-U	effector_LS
cd09765	cas8u2	CAS-I-U	effector_LS
cls001042	cas8u2	CAS-I-U	effector_LS
icity0001	cas8u2	CAS-I-U	effector_LS
C19_csf1gr8	csf1gr8	CAS-IV	effector_LS
cd09705	csf1gr8	CAS-IV-A	effector_LS
icity0010	csf1gr8	CAS-IV-A	effector_LS
mkCas0068	csf1gr8	CAS-IV-A	effector_LS
mkCas0185	csf1gr8	CAS-IV-A	effector_LS
mkCas0210	csf1gr8	CAS-IV-A	effector_LS
C19_LS	LSIVC	CAS-IV-C	effector_LS
icity0122	cas11	CAS-III-D	effector_SS
C19_cas11b	cas11b	CAS-I-B	effector_SS
icity0129	cas11b	CAS-I-B	effector_SS
mkCas0150	cas11b	CAS-I-B	effector_SS
mkCas0094	cas11d	CAS-I-D	effector_SS
C19_cas11d2	cas11d2	CAS-I-D	effector_SS
C19_cmr5gr11_1	cmr5gr11	CAS-III-B	effector_SS
C19_cmr5gr11_2	cmr5gr11	CAS-III-B	effector_SS
cd09654	cmr5gr11	CAS-III-B	effector_SS
cd09749	cmr5gr11	CAS-III-B	effector_SS
cls000022	cmr5gr11	CAS-III-B	effector_SS
cls000190	cmr5gr11	CAS-III-B	effector_SS
cls001851	cmr5gr11	CAS-III-B	effector_SS
COG3337	cmr5gr11	CAS-III-B	effector_SS
icity0125	cmr5gr11	CAS-III-B	effector_SS
icity0126	cmr5gr11	CAS-IV-A	effector_SS
mkCas0060	cmr5gr11	CAS-III-C	effector_SS
mkCas0065	cmr5gr11	CAS-III-B	effector_SS
mkCas0098	cmr5gr11	CAS-III-B	effector_SS
mkCas0117	cmr5gr11	CAS-III-C	effector_SS
mkCas0172	cmr5gr11	CAS-III-B	effector_SS
mkCas0190	cmr5gr11	CAS-III-B	effector_SS
mkCas0205	cmr5gr11	CAS-III-B	effector_SS
pfam09701	cmr5gr11	CAS-III-B	effector_SS
C19_Csa5gr11	csa5gr11	CAS-III-B	effector_SS
C19_Csa5gr11c	csa5gr11	CAS-III-B	effector_SS
cd09653	csa5gr11	CAS-I-A	effector_SS
cd09750	csa5gr11	CAS-I-A	effector_SS
cls000086	csa5gr11	CAS-I-A	effector_SS
cls000088	csa5gr11	CAS-I-A	effector_SS
cls000207	csa5gr11	CAS-I-A	effector_SS
cls002148	csa5gr11	CAS-I-A	effector_SS
mkCas0071	csa5gr11	CAS-I-A	effector_SS
mkCas0080	csa5gr11	CAS-I-A	effector_SS
mkCas0163	csa5gr11	CAS-I-A	effector_SS
pfam09702	csa5gr11	CAS-I-A	effector_SS
C19_Csa5gr11a	csa5gr11	CAS-I-A	effector_SS
cd09670	cse2gr11	CAS-I-E	effector_SS
cd09731	cse2gr11	CAS-I-E	effector_SS
icity0127	cse2gr11	CAS-I-E	effector_SS
mkCas0096	cse2gr11	CAS-I-E	effector_SS
mkCas0171	cse2gr11	CAS-I-E	effector_SS
mkCas0194	cse2gr11	CAS-I-E	effector_SS
mkCas0196	cse2gr11	CAS-I-E	effector_SS
pfam09485	cse2gr11	CAS-I-E	effector_SS
icity0121	csf4gr11	CAS-IV-A	effector_SS
mkCas0072	csf4gr11	CAS-IV-A	effector_SS
mkCas0181	csf4gr11	CAS-IV-A	effector_SS
mkCas0184	csf4gr11	CAS-IV-A	effector_SS
cd09647	csm2gr11	CAS-III-A	effector_SS
cls001490	csm2gr11	CAS-III-A	effector_SS
COG1421	csm2gr11	CAS-III-A	effector_SS
icity0128	csm2gr11	CAS-III-D	effector_SS
mkCas0063	csm2gr11	CAS-III-D	effector_SS
mkCas0077	csm2gr11	CAS-III-D	effector_SS
mkCas0079	csm2gr11	CAS-III-D	effector_SS
mkCas0099	csm2gr11	CAS-III-D	effector_SS
mkCas0101	csm2gr11	CAS-III-D	effector_SS
mkCas0120	csm2gr11	CAS-III-D	effector_SS
mkCas0136	csm2gr11	CAS-III-A	effector_SS
mkCas0157	csm2gr11	CAS-III-A	effector_SS
mkCas0186	csm2gr11	CAS-III-A	effector_SS
mkCas0187	csm2gr11	CAS-III-A	effector_SS
pfam03750	csm2gr11	CAS-III-A	effector_SS
C19_SS_III_F_1	SSgr11	CAS-III-F	effector_SS
C19_SS_III_F_2	SSgr11	CAS-III-F	effector_SS
C19_SS	SSIVC	CAS-IV-C	effector_SS
mkCas0152	cmr7	CAS-III-B	effector_UNK
cd09764	csb3	CAS-I-U	effector_UNK
mkCas0159	csf5gr6	CAS-IV-A	effector_UNK
cls000059	csx19	CAS-III-D	effector_UNK
cls001376	csx19	CAS-III-D	effector_UNK
icity0015	csx19	CAS-III-D	effector_UNK
icity0016	csx19	CAS-III-D	effector_UNK
icity0017	csx19	CAS-III-D	effector_UNK
icity0018	csx19	CAS-III-D	effector_UNK
icity0021	csx19	CAS-III-D	effector_UNK
mkCas0121	csx19	CAS-III-D	effector_UNK
mkCas0122	csx19	CAS-III-D	effector_UNK
mkCas0123	csx19	CAS-III-D	effector_UNK
mkCas0124	csx19	CAS-III-D	effector_UNK
mkCas0132	csx19	CAS-III-D	effector_UNK
mkCas0137	csx19	CAS-III-D	effector_UNK
mkCas0144	csx19	CAS-III-D	effector_UNK
mkCas0145	csx19	CAS-III-D	effector_UNK
mkCas0147	csx19	CAS-III-D	effector_UNK
mkCas0149	csx19	CAS-III-D	effector_UNK
mkCas0165	csx19	CAS-III-D	effector_UNK
mkCas0167	csx19	CAS-III-D	effector_UNK
mkCas0178	csx19	CAS-III-D	effector_UNK
mkCas0188	csx19	CAS-III-D	effector_UNK
mkCas0064	csx22	CAS-III-A	effector_UNK
mkCas0135	csx24	CAS-III-D	effector_UNK
mkCas0197	csx25	CAS-III-D	effector_UNK
mkCas0156	csx26	CAS-III-D	effector_UNK
C19_gRAMP	gRAMP	CAS-III-E	effector_UNK
